{"cameraMode":{"drawMode":0,"name":"Shaded","section":"Shading Mode"},"sceneLighting":false,"audioPlay":false,"sceneViewState":{"m_AlwaysRefresh":false,"showFog":true,"showSkybox":false,"showFlares":true,"showImageEffects":true,"showParticleSystems":true,"showVisualEffectGraphs":true,"m_FxEnabled":true},"in2DMode":false,"pivot":{"x":1.6979999542236329,"y":0.48899999260902407,"z":-1.4329999685287476},"rotation":{"x":0.01572498492896557,"y":0.9736947417259216,"z":-0.21735414862632752,"w":0.07121678441762924},"size":0.34641021490097048,"orthographic":false}