{"cameraMode":{"drawMode":0,"name":"Shaded","section":"Shading Mode"},"sceneLighting":true,"audioPlay":false,"sceneViewState":{"m_AlwaysRefresh":false,"showFog":true,"showSkybox":true,"showFlares":true,"showImageEffects":true,"showParticleSystems":true,"showVisualEffectGraphs":true,"m_FxEnabled":true},"in2DMode":false,"pivot":{"x":-1.3453919887542725,"y":1.2787699699401856,"z":-1.2131476402282715},"rotation":{"x":-0.06763844192028046,"y":-0.9108463525772095,"z":0.15146319568157197,"w":-0.3795643746852875},"size":1.9116325378417969,"orthographic":true}