{"cameraMode":{"drawMode":0,"name":"Shaded","section":"Shading Mode"},"sceneLighting":true,"audioPlay":false,"sceneViewState":{"m_AlwaysRefresh":false,"showFog":true,"showSkybox":true,"showFlares":true,"showImageEffects":true,"showParticleSystems":true,"showVisualEffectGraphs":true,"m_FxEnabled":true},"in2DMode":false,"pivot":{"x":-3.810959577560425,"y":1.238521933555603,"z":0.11805376410484314},"rotation":{"x":0.043914444744586948,"y":-0.9092780947685242,"z":0.10991664230823517,"w":0.4005787968635559},"size":1.9803780317306519,"orthographic":true}