{"cameraMode":{"drawMode":0,"name":"Shaded","section":"Shading Mode"},"sceneLighting":true,"audioPlay":false,"sceneViewState":{"m_AlwaysRefresh":false,"showFog":true,"showSkybox":true,"showFlares":true,"showImageEffects":true,"showParticleSystems":true,"showVisualEffectGraphs":true,"m_FxEnabled":true},"in2DMode":false,"pivot":{"x":-5.622445106506348,"y":2.3969907760620119,"z":0.14580696821212769},"rotation":{"x":-0.021146614104509355,"y":-0.9778262376785278,"z":0.09359375387430191,"w":-0.18936830759048463},"size":2.207792282104492,"orthographic":true}