{"cameraMode":{"drawMode":0,"name":"Shaded","section":"Shading Mode"},"sceneLighting":true,"audioPlay":false,"sceneViewState":{"m_AlwaysRefresh":false,"showFog":true,"showSkybox":true,"showFlares":true,"showImageEffects":true,"showParticleSystems":true,"showVisualEffectGraphs":true,"m_FxEnabled":true},"in2DMode":false,"pivot":{"x":-2.3552844524383547,"y":1.7173128128051758,"z":0.7115625143051148},"rotation":{"x":0.0025400614831596615,"y":-0.9968429207801819,"z":0.055455125868320468,"w":0.06638997048139572},"size":1.9423160552978516,"orthographic":true}