{"cameraMode":{"drawMode":0,"name":"Shaded","section":"Shading Mode"},"sceneLighting":true,"audioPlay":false,"sceneViewState":{"m_AlwaysRefresh":false,"showFog":true,"showSkybox":true,"showFlares":true,"showImageEffects":true,"showParticleSystems":true,"showVisualEffectGraphs":true,"m_FxEnabled":true},"in2DMode":false,"pivot":{"x":-2.3552844524383547,"y":1.7173128128051758,"z":0.7115625143051148},"rotation":{"x":-0.01773574948310852,"y":-0.7631016373634338,"z":0.018407324329018594,"w":-0.6466971635818481},"size":2.7621686458587648,"orthographic":true}