{"cameraMode":{"drawMode":0,"name":"Shaded","section":"Shading Mode"},"sceneLighting":true,"audioPlay":false,"sceneViewState":{"m_AlwaysRefresh":false,"showFog":true,"showSkybox":true,"showFlares":true,"showImageEffects":true,"showParticleSystems":true,"showVisualEffectGraphs":true,"m_FxEnabled":true},"in2DMode":false,"pivot":{"x":-2.5993399620056154,"y":1.9349555969238282,"z":8.294710159301758},"rotation":{"x":-0.06971006840467453,"y":-0.08860456198453903,"z":0.004837458021938801,"w":-0.9939544200897217},"size":4.5972113609313969,"orthographic":true}