{"cameraMode":{"drawMode":0,"name":"Shaded","section":"Shading Mode"},"sceneLighting":true,"audioPlay":false,"sceneViewState":{"m_AlwaysRefresh":false,"showFog":true,"showSkybox":true,"showFlares":true,"showImageEffects":true,"showParticleSystems":true,"showVisualEffectGraphs":true,"m_FxEnabled":true},"in2DMode":false,"pivot":{"x":-5.071553707122803,"y":2.3733434677124025,"z":0.004036605358123779},"rotation":{"x":-0.030316976830363275,"y":-0.9129201769828796,"z":0.06202101707458496,"w":-0.4037523865699768},"size":1.2610387802124024,"orthographic":true}