{"cameraMode":{"drawMode":0,"name":"Shaded","section":"Shading Mode"},"sceneLighting":true,"audioPlay":false,"sceneViewState":{"m_AlwaysRefresh":false,"showFog":true,"showSkybox":true,"showFlares":true,"showImageEffects":true,"showParticleSystems":true,"showVisualEffectGraphs":true,"m_FxEnabled":true},"in2DMode":false,"pivot":{"x":29.032001495361329,"y":3.8108251094818117,"z":-13.319316864013672},"rotation":{"x":0.02309388294816017,"y":-0.48407694697380068,"z":0.012781457044184208,"w":0.8746291995048523},"size":3.1515846252441408,"orthographic":true}