{"cameraMode":{"drawMode":0,"name":"Shaded","section":"Shading Mode"},"sceneLighting":true,"audioPlay":false,"sceneViewState":{"m_AlwaysRefresh":false,"showFog":true,"showSkybox":true,"showFlares":true,"showImageEffects":true,"showParticleSystems":true,"showVisualEffectGraphs":true,"m_FxEnabled":true},"in2DMode":false,"pivot":{"x":-3.1793622970581056,"y":0.8294868469238281,"z":0.9417145252227783},"rotation":{"x":0.0020038385409861805,"y":-0.9912420511245728,"z":0.1340431571006775,"w":0.020682452246546747},"size":2.0672106742858888,"orthographic":true}