{"cameraMode":{"drawMode":0,"name":"Shaded","section":"Shading Mode"},"sceneLighting":true,"audioPlay":false,"sceneViewState":{"m_AlwaysRefresh":false,"showFog":true,"showSkybox":true,"showFlares":true,"showImageEffects":true,"showParticleSystems":true,"showVisualEffectGraphs":true,"m_FxEnabled":true},"in2DMode":false,"pivot":{"x":-4.690179347991943,"y":2.3648557662963869,"z":0.35978955030441286},"rotation":{"x":-0.025596044957637788,"y":-0.9727411270141602,"z":0.1078713908791542,"w":-0.20661412179470063},"size":1.3177855014801026,"orthographic":true}