{"cameraMode":{"drawMode":0,"name":"Shaded","section":"Shading Mode"},"sceneLighting":true,"audioPlay":false,"sceneViewState":{"m_AlwaysRefresh":false,"showFog":true,"showSkybox":true,"showFlares":true,"showImageEffects":true,"showParticleSystems":true,"showVisualEffectGraphs":true,"m_FxEnabled":true},"in2DMode":false,"pivot":{"x":-4.866415977478027,"y":0.8852295875549316,"z":-0.11015069484710694},"rotation":{"x":0.009222466498613358,"y":-0.9850456714630127,"z":0.08654800802469254,"w":0.15274088084697724},"size":2.5228216648101808,"orthographic":true}