{"cameraMode":{"drawMode":0,"name":"Shaded","section":"Shading Mode"},"sceneLighting":true,"audioPlay":false,"sceneViewState":{"m_AlwaysRefresh":false,"showFog":true,"showSkybox":true,"showFlares":true,"showImageEffects":true,"showParticleSystems":true,"showVisualEffectGraphs":true,"m_FxEnabled":true},"in2DMode":false,"pivot":{"x":-1.8663467168807984,"y":3.731858015060425,"z":2.3077011108398439},"rotation":{"x":-0.0028942713979631664,"y":-0.9327128529548645,"z":0.36230695247650149,"w":0.003194790333509445},"size":2.8792879581451418,"orthographic":true}